index,Subject,True,Pred,Explanation,Variant,Model
"0,subject_0_394,Healthy,Healthy,""The SDNN value of 60.74 ms is greater than 50 ms, indicating normal autonomic flexibility, which is typical of healthy subjects.', 'timestamp': '2025-11-09 00:20:03'}"",HRV-only,gpt-4o"
"1,subject_0_399,Healthy,Healthy,""The SDNN value of 54.35 ms indicates normal autonomic flexibility, as it is greater than 50 ms, which is typical of healthy subjects.', 'timestamp': '2025-11-09 00:20:04'}"",HRV-only,gpt-4o"
"2,subject_0_462,Healthy,Healthy,""The SDNN value of 70.78 ms is greater than 50 ms, indicating normal autonomic flexibility, which is typical of healthy subjects.', 'timestamp': '2025-11-09 00:20:05'}"",HRV-only,gpt-4o"
"3,subject_0_463,Healthy,MCI,""The SDNN value of 28.49 ms is below 30 ms, indicating autonomic suppression often linked to cognitive decline.', 'timestamp': '2025-11-09 00:20:06'}"",HRV-only,gpt-4o"
"4,subject_0_468,Healthy,Healthy,""The SDNN value of 65.70 ms is greater than 50 ms, indicating normal autonomic flexibility, which is typical of healthy subjects.', 'timestamp': '2025-11-09 00:20:07'}"",HRV-only,gpt-4o"
"5,subject_0_475,Healthy,Review,""The SDNN value of 34.49 ms falls within the borderline range (30 ? SDNN ? 50 ms), indicating that interpretation depends on context. Further clinical review is necessary to determine the significance.', 'timestamp': '2025-11-09 00:20:08'}"",HRV-only,gpt-4o"
"6,subject_0_476,Healthy,Review,""The SDNN value of 36.61 ms falls within the borderline range (30 ? SDNN ? 50 ms), indicating that interpretation depends on context. Further clinical review is necessary to determine the significance.', 'timestamp': '2025-11-09 00:20:09'}"",HRV-only,gpt-4o"
"7,subject_1_397,MCI,Review,""The SDNN value of 41.39 ms falls within the borderline range (30 ? SDNN ? 50 ms), indicating that interpretation depends on context. Further clinical review is necessary to determine the significance.', 'timestamp': '2025-11-09 00:20:11'}"",HRV-only,gpt-4o"
"8,subject_1_455,MCI,Review,""SDNN of 23.77 ms is below 30 ms, indicating autonomic suppression, which is often linked to cognitive decline or stress.', 'timestamp': '2025-11-09 00:20:12'}"",HRV-only,gpt-4o"
"9,subject_1_456,MCI,MCI,""The SDNN value of 20.55 ms is below 30 ms, indicating autonomic suppression often linked to cognitive decline.', 'timestamp': '2025-11-09 00:20:14'}"",HRV-only,gpt-4o"
"10,subject_1_457,MCI,MCI,""The SDNN value of 25.03 ms is below 30 ms, indicating autonomic suppression, which is often linked to cognitive decline.', 'timestamp': '2025-11-09 00:20:15'}"",HRV-only,gpt-4o"
"11,subject_1_459,MCI,MCI,""The SDNN value of 28.56 ms is below the 30 ms threshold, indicating autonomic suppression often linked to cognitive decline.', 'timestamp': '2025-11-09 00:20:16'}"",HRV-only,gpt-4o"
"12,subject_1_461,MCI,Review,""SDNN = 24.81 ms, which is below 30 ms, indicating autonomic suppression often linked to cognitive decline or stress.', 'timestamp': '2025-11-09 00:20:17'}"",HRV-only,gpt-4o"
"13,subject_1_464,MCI,Review,""SDNN of 27.69 ms is below 30 ms, indicating autonomic suppression, which is often linked to cognitive decline or stress.', 'timestamp': '2025-11-09 00:20:18'}"",HRV-only,gpt-4o"
"14,subject_1_467,MCI,MCI,""The SDNN value of 27.87 ms is below the 30 ms threshold, indicating autonomic suppression often linked to cognitive decline.', 'timestamp': '2025-11-09 00:20:19'}"",HRV-only,gpt-4o"
